#fail,-2.38
#music,1.8600000000000003
1960s,1.04
1970s,1.0599999999999996
1980's,1.0199999999999996
1980s,1.4000000000000004
1990's,1.0
1st,2.1399999999999997
3-bedroom,1.2000000000000002
4-bedroom,1.7199999999999998
80's,1.38
80s,1.1799999999999997
aaah,1.4400000000000004
aah,1.0999999999999996
abandoned,-2.46
ability,1.6799999999999997
able,1.5599999999999996
abnormal,-1.31
aboard,1.2400000000000002
abortion,-2.4
abroad,1.96
absence,-1.42
absent,-1.1
absolutely,1.2999999999999998
abundant,2.16
abuse,-3.12
abused,-3.17
academy,1.04
accept,1.42
acceptable,1.67
acceptance,1.8600000000000003
accepted,1.54
accident,-2.68
accidentally,-1.02
accompanied,1.2199999999999998
accompanying,1.04
accomplished,2.3200000000000003
accuracy,1.88
accurate,1.67
accurately,1.8399999999999999
accusations,-1.8399999999999999
accused,-2.08
ace,1.6799999999999997
ache,-2.32
achieve,2.42
achieved,2.5599999999999996
achievement,2.58
aching,-1.8199999999999998
acid,-1.4100000000000001
acknowledge,1.2400000000000002
acknowledged,1.0999999999999996
acoustic,1.4800000000000004
acquainted,1.08
acquire,1.3600000000000003
acquired,1.04
acres,1.0199999999999996
act,1.0
acting,1.04
active,1.8200000000000003
activities,1.46
activity,1.3200000000000003
actor,1.2000000000000002
actors,1.2400000000000002
actress,1.4000000000000004
adapted,1.0
addict,-2.16
addicted,-1.48
addiction,-2.28
admiration,2.0999999999999996
adopt,1.4000000000000004
adoption,1.54
adorable,2.3200000000000003
adore,1.96
adored,2.42
adoring,2.1399999999999997
adult,1.1399999999999997
adults,1.0599999999999996
advance,1.58
advanced,1.58
advances,1.2400000000000002
advantage,1.8399999999999999
advantages,1.5300000000000002
adventure,2.3
advice,1.2199999999999998
advocacy,1.0599999999999996
advocates,1.1799999999999997
aesthetic,1.21
affection,2.5300000000000002
afford,1.1600000000000001
afghanistan,-1.44
afraid,-2.34
against,-1.6
aggressive,-1.2000000000000002
aging,-1.94
agony,-2.84
agree,1.7000000000000002
agreed,1.9800000000000004
agreement,1.3200000000000003
agreements,1.2000000000000002
agricultural,1.38
agriculture,1.5
aha,1.1799999999999997
ahaha,1.5599999999999996
ahead,1.08
aid,1.2400000000000002
aims,1.2699999999999996
ain't,-1.0
air,1.7999999999999998
aircraft,1.0199999999999996
alarm,-1.1
album,1.5999999999999996
albums,1.92
alive,2.1799999999999997
all,1.2199999999999998
allegations,-1.1600000000000001
alleged,-1.0
alliance,1.0
allies,1.5
allow,1.0
allowing,1.1600000000000001
allows,1.2599999999999998
allright,1.7400000000000002
almighty,1.2400000000000002
alone,-1.6800000000000002
alright,1.08
altogether,1.4000000000000004
alumni,1.04
always,1.4800000000000004
amazed,2.2199999999999998
amazing,2.66
amazon,1.7999999999999998
ambitious,1.5199999999999996
ambulance,-1.9
amen,1.0199999999999996
america,1.7599999999999998
america's,1.04
american,1.7400000000000002
americans,1.5
americas,1.38
amigo,1.2800000000000002
amor,1.3200000000000003
amore,1.5099999999999998
amour,1.5999999999999996
amsterdam,1.1399999999999997
angel,2.6799999999999997
angels,2.66
anger,-2.7
angry,-2.68
animal,1.7999999999999998
animals,1.6799999999999997
anniversary,1.7000000000000002
annoy,-1.9
annoyed,-2.42
annoying,-2.18
answer,1.2400000000000002
answered,1.2199999999999998
answers,1.4800000000000004
anti,-1.35
antiques,1.7000000000000002
anxiety,-1.9700000000000002
anxious,-1.58
apart,-1.48
apple,2.4400000000000004
applicable,1.0
applying,1.1600000000000001
appreciate,2.2199999999999998
appreciated,2.12
appreciation,2.24
approaches,1.04
appropriate,1.2599999999999998
approval,1.9800000000000004
approve,1.6600000000000001
approved,2.2
april,1.3600000000000003
arafat,-1.0
architect,1.3600000000000003
architectural,1.2199999999999998
architecture,1.4000000000000004
archives,1.0
argh,-1.04
argue,-2.0
argued,-1.6400000000000001
argues,-2.0
arguing,-1.94
argument,-1.8599999999999999
arguments,-1.96
arise,1.2000000000000002
arises,1.1399999999999997
armed,-1.1600000000000001
arose,1.38
arrest,-2.58
arrested,-3.3600000000000003
arrests,-2.28
arrival,1.3200000000000003
arrive,1.3200000000000003
arrived,1.1399999999999997
art,1.5999999999999996
artificial,-1.1
artillery,-1.12
artist,1.7400000000000002
artistic,2.12
artists,1.8200000000000003
arts,1.58
ashamed,-2.41
asia,1.2199999999999998
asian,1.3200000000000003
asleep,1.1399999999999997
ass,-1.1400000000000001
assault,-2.44
assembled,1.3099999999999996
asset,1.54
assets,1.6600000000000001
asshole,-2.6
assist,1.42
associations,1.0599999999999996
assured,1.2000000000000002
ate,1.1799999999999997
athletes,1.2400000000000002
athletic,1.46
atlantic,1.1799999999999997
atmosphere,1.2999999999999998
attachment,1.0599999999999996
attack,-2.58
attacked,-2.48
attacks,-2.54
attained,1.62
attend,1.0
attending,1.0
attract,1.7199999999999998
attracted,2.16
attraction,2.8200000000000003
attractive,2.4800000000000004
audiences,1.08
aunt,1.6600000000000001
australia,1.4000000000000004
australian,1.2599999999999998
authors,1.2199999999999998
automatic,1.0
automatically,1.0
automobile,1.1600000000000001
autumn,1.9400000000000004
available,1.58
avatar,1.0
aviation,1.1399999999999997
avid,1.2199999999999998
avoid,-1.8599999999999999
avoided,-1.02
award,2.8600000000000003
awarded,2.38
awards,2.1799999999999997
awareness,1.1799999999999997
awesome,2.5999999999999996
awful,-2.08
awkward,-1.38
awsome,2.04
b-day,2.6799999999999997
babe,1.8200000000000003
babes,1.2800000000000002
babies,2.46
baby,2.2800000000000002
backyard,1.4699999999999998
bacteria,-1.3900000000000001
bad,-2.36
baddest,-1.1800000000000002
badly,-2.12
baghdad,-1.38
bailout,-1.2599999999999998
bake,1.6799999999999997
baked,1.4000000000000004
baker,1.5199999999999996
baking,1.58
balance,1.1799999999999997
balanced,1.5099999999999998
bald,-1.1
ball,1.08
ban,-2.34
banana,1.8600000000000003
band,1.42
bands,1.1600000000000001
bang,-1.04
bankruptcy,-2.94
banned,-2.12
basket,1.0199999999999996
basketball,1.1399999999999997
bass,1.04
bastard,-2.48
bastards,-2.32
bath,1.96
batman,1.2199999999999998
battle,-2.02
battles,-1.2200000000000002
bbq,1.3200000000000003
bday,2.6399999999999997
beach,2.9400000000000004
beam,1.5999999999999996
beans,1.0
beast,-1.6400000000000001
beaten,-2.38
beating,-2.44
beatles,1.4400000000000004
beautiful,2.92
beauty,2.76
bed,2.1799999999999997
bedroom,1.7999999999999998
beds,1.17
bedtime,1.3200000000000003
beers,1.0999999999999996
beg,-1.92
begged,-1.1
begging,-1.38
begin,1.2800000000000002
beginning,1.04
behold,1.2000000000000002
beings,1.0199999999999996
belief,1.08
beliefs,1.0
believe,1.7000000000000002
believed,2.0
believer,1.46
believes,1.8200000000000003
believing,1.1399999999999997
bella,1.0599999999999996
belle,1.37
bells,1.5
belonged,1.5599999999999996
belonging,1.8399999999999999
belongs,1.2999999999999998
beloved,2.34
benefit,1.96
benefits,2.2
bentley,1.0999999999999996
berry,1.3200000000000003
best,2.1799999999999997
betray,-2.5
betrayed,-2.43
better,2.0
bff,1.08
bible,1.4800000000000004
bien,1.0
big,1.2199999999999998
bigger,1.38
biggest,1.0
bike,1.7199999999999998
bill,-1.3599999999999999
billion,2.5599999999999996
bills,-2.18
bird,1.6399999999999997
birds,1.96
birth,2.12
birthday,2.7800000000000002
bitch,-1.8599999999999999
bitches,-2.24
bite,-1.02
bitter,-2.0
blackberry,1.2599999999999998
blame,-2.18
blanket,1.54
bled,-1.96
bleed,-2.31
bleeding,-2.24
bleeds,-1.6800000000000002
bless,2.08
blessed,2.7800000000000002
blessing,2.4000000000000004
blessings,2.62
blind,-2.42
blinded,-1.63
bliss,2.24
blocked,-1.3599999999999999
blog,1.0199999999999996
blonde,1.1799999999999997
blood,-1.1800000000000002
bloody,-2.06
bloom,2.24
boat,1.08
boats,1.4500000000000002
bomb,-3.04
bombing,-2.76
bombs,-2.14
bonus,2.6799999999999997
boo,-1.2599999999999998
book,2.24
book's,1.62
books,2.2800000000000002
bookstores,1.88
boost,1.4800000000000004
boots,1.08
bore,-1.3599999999999999
bored,-1.96
boring,-2.1
born,1.8200000000000003
bothered,-1.2200000000000002
bought,1.2999999999999998
boulevard,1.12
bounce,1.5099999999999998
bowling,1.2400000000000002
boy,1.2400000000000002
boyfriend,1.38
boys,1.1600000000000001
brain,1.5199999999999996
brains,1.6900000000000004
branches,1.3499999999999996
brat,-1.38
brave,2.0199999999999996
brazil,1.0999999999999996
brazilian,1.0599999999999996
bread,1.3399999999999999
breakdown,-2.06
breakfast,1.8600000000000003
breaking,-1.02
breast,1.2199999999999998
breath,1.38
breathe,1.2800000000000002
breathing,1.2599999999999998
breeze,1.88
brew,1.0
bride,2.2800000000000002
bridegroom,1.6799999999999997
bridegroom's,1.2800000000000002
bridges,1.04
bright,2.62
brighter,2.1399999999999997
brilliant,2.6799999999999997
bringing,1.04
bro,1.2199999999999998
broadway,1.3600000000000003
broke,-2.46
broken,-1.98
brook,1.0
brother,2.2199999999999998
brothers,1.9800000000000004
browser,1.1399999999999997
bruise,-1.8599999999999999
bruised,-2.1
brunch,1.3200000000000003
brutal,-2.4
bubble,1.2000000000000002
bucks,1.7000000000000002
buddy,1.8399999999999999
bueno,1.0599999999999996
bug,-1.46
bugs,-1.2200000000000002
build,1.2199999999999998
built,1.2400000000000002
bullet,-1.6400000000000001
bullets,-1.94
bullshit,-1.92
bum,-1.0
bunny,1.88
burden,-2.18
burger,1.1799999999999997
burial,-2.56
buried,-2.16
burn,-2.08
burned,-2.1
burning,-2.12
burns,-2.22
burnt,-1.6600000000000001
bury,-2.07
busted,-1.6400000000000001
butter,1.5599999999999996
butterflies,2.92
butterfly,2.76
buy,1.2800000000000002
buyer,1.1799999999999997
buying,1.4000000000000004
bye,-1.04
cafe,1.7800000000000002
cage,-1.56
cake,2.58
cakes,2.5599999999999996
calcium,1.29
california,1.08
calm,1.3600000000000003
cambridge,1.0
camera,1.7999999999999998
cameras,1.62
camp,1.2599999999999998
campus,1.04
can't,-1.58
canceled,-1.7599999999999998
cancelled,-2.12
cancer,-3.46
candle,1.71
candles,1.67
candy,2.5199999999999996
cannot,-1.6800000000000002
cant,-1.52
capable,1.7400000000000002
captain,1.5999999999999996
captured,-1.7799999999999998
car,1.7199999999999998
cards,1.0199999999999996
care,1.6399999999999997
cared,1.83
career,1.6600000000000001
cares,2.3600000000000003
caress,2.0599999999999996
caring,2.34
carnival,2.0999999999999996
carriage,1.0199999999999996
cars,1.2599999999999998
cartoon,2.2
cash,2.42
casino,1.04
casket,-1.5
castle,1.3399999999999999
cat,1.6399999999999997
cathedral,1.1399999999999997
cats,1.54
cattle,1.0999999999999996
caught,-1.46
cavity,-1.7599999999999998
cd,1.1399999999999997
cds,1.1600000000000001
ceased,-1.0
celebrate,2.9800000000000004
celebrated,2.8
celebrating,3.0
celebration,3.0199999999999996
celebrity,1.0199999999999996
cemetery,-2.06
centuries,1.08
cereal,1.2000000000000002
ceremony,1.4000000000000004
certain,1.0599999999999996
certainly,1.0599999999999996
certainty,1.5999999999999996
certificate,1.1799999999999997
chained,-1.46
challenging,1.0999999999999996
champ,1.5199999999999996
champagne,1.8200000000000003
champion,2.6399999999999997
championship,2.3200000000000003
championships,2.26
chance,1.4400000000000004
chances,1.1799999999999997
chaos,-1.54
chapels,1.12
charges,-1.06
charity,1.4000000000000004
charm,2.0599999999999996
charms,1.6600000000000001
chat,1.42
chatting,1.62
cheaper,1.08
cheat,-2.56
cheated,-2.42
cheating,-2.74
check,1.0999999999999996
cheddar,1.3399999999999999
cheek,1.1399999999999997
cheeks,1.29
cheer,2.46
cheers,2.58
cheese,1.88
chef,1.2199999999999998
chemistry,1.1399999999999997
cherish,2.5
cherished,2.2800000000000002
cherry,2.04
chess,1.2999999999999998
chicken,1.4000000000000004
chickens,1.3099999999999996
chief,1.1799999999999997
child,2.24
child's,1.5999999999999996
childhood,1.8399999999999999
children,2.12
children's,2.1399999999999997
chili,1.0999999999999996
chips,1.5
chocolate,2.8600000000000003
choice,1.2400000000000002
choices,1.04
choir,1.08
choke,-1.69
choking,-2.06
chorus,1.4000000000000004
christ,1.1600000000000001
christian,1.2999999999999998
christians,1.0199999999999996
christmas,2.96
chronic,-1.21
cigarette,-1.9100000000000001
cigarettes,-1.69
cinema,1.9400000000000004
circus,1.5599999999999996
citizens,1.0999999999999996
civilization,1.7199999999999998
clap,1.4800000000000004
classic,1.58
classical,1.58
classy,1.7199999999999998
clean,1.9000000000000004
cleaned,1.54
clear,1.2999999999999998
clearer,1.2999999999999998
clearly,1.1799999999999997
clever,2.0599999999999996
climbed,1.3600000000000003
climbing,1.04
closed,-1.3399999999999999
closing,-1.04
clothes,1.46
clothing,1.5999999999999996
clouds,1.3399999999999999
clowns,1.2199999999999998
clubs,1.3399999999999999
clue,1.08
coast,1.4400000000000004
coat,1.08
cocaine,-2.46
coffee,2.1799999999999997
coffin,-2.04
coin,1.54
coke,1.7800000000000002
collapse,-2.1
colleagues,1.3600000000000003
collection,1.0999999999999996
collective,1.2300000000000004
college,1.9400000000000004
colleges,1.3399999999999999
color,2.0
colored,1.0199999999999996
colors,2.0
colour,1.58
colours,2.0199999999999996
combat,-1.7999999999999998
combination,1.1399999999999997
combinations,1.0599999999999996
comedy,2.9800000000000004
comfort,2.5
comfortable,2.3200000000000003
comforted,2.2
comfy,2.1799999999999997
comic,2.08
comics,1.88
commitment,1.3200000000000003
committed,1.38
commonwealth,1.2999999999999998
communicate,1.6600000000000001
communication,1.5199999999999996
community,1.2800000000000002
companion,2.24
compassion,1.8200000000000003
compensation,1.5199999999999996
competent,1.6600000000000001
complain,-1.8399999999999999
complained,-2.1
complaining,-2.18
complaint,-2.14
complaints,-1.96
complete,1.7400000000000002
completed,1.8200000000000003
completely,1.3399999999999999
completion,1.7800000000000002
complicated,-1.6600000000000001
complications,-1.35
composed,1.0599999999999996
composer,1.42
composition,1.0599999999999996
comprehend,1.0999999999999996
computer,2.24
computers,2.0999999999999996
con,-1.2999999999999998
conceived,1.29
concentrations,1.0
concepts,1.0199999999999996
concert,1.9400000000000004
concerts,1.9800000000000004
condemned,-2.0
condolences,-1.6
confidence,2.2199999999999998
confident,2.0999999999999996
confined,-1.56
confirmed,1.7199999999999998
conflict,-1.9
conflicts,-2.04
confrontation,-1.44
confused,-2.02
confusing,-1.44
confusion,-1.6800000000000002
congrats,2.5
congratulations,3.0
connected,1.3399999999999999
connections,1.3099999999999996
conscience,1.0
conscious,1.1399999999999997
consciousness,1.4000000000000004
consensus,1.08
conservation,1.5999999999999996
considerable,1.2599999999999998
consideration,1.12
considerations,1.0199999999999996
conspiracy,-1.7200000000000002
constitution,1.2400000000000002
contact,1.08
contacts,1.2199999999999998
content,1.0199999999999996
continent,1.0
continuity,1.33
continuous,1.1399999999999997
contribute,1.5
contributed,1.04
contributing,1.38
contribution,1.42
contributions,1.2199999999999998
controversy,-1.3199999999999998
convenient,1.7400000000000002
conversation,1.2400000000000002
conversations,1.2999999999999998
convicted,-1.7999999999999998
cook,1.6399999999999997
cooked,1.54
cookie,2.0999999999999996
cookies,2.2800000000000002
cooking,2.08
cool,2.2
cooler,1.2800000000000002
coolest,1.7800000000000002
cooperation,1.9800000000000004
cooperative,1.8600000000000003
copper,1.1799999999999997
corn,1.6399999999999997
corpse,-2.45
correct,2.0199999999999996
correctly,1.9400000000000004
corruption,-2.86
cosmic,1.5599999999999996
costs,-1.2000000000000002
costume,1.2599999999999998
costumes,1.7199999999999998
cotton,1.2199999999999998
couch,1.0599999999999996
cough,-1.7400000000000002
couldn't,-1.6800000000000002
couldnt,-1.42
country,1.2800000000000002
couple,2.3
couples,1.5
coupon,1.5599999999999996
courage,2.46
court,-1.2200000000000002
courtesy,1.7400000000000002
cousin,1.42
cousins,1.5
cowards,-2.22
cowboy,1.2400000000000002
cowboys,1.2199999999999998
cozy,1.9400000000000004
crack,-1.2799999999999998
cracked,-1.02
cracks,-1.0
cradle,1.38
craft,1.38
crap,-1.6600000000000001
crappy,-2.02
crash,-2.4
crashed,-2.54
crashing,-1.7200000000000002
cream,1.7999999999999998
create,1.8200000000000003
created,1.0599999999999996
creates,1.0199999999999996
creating,1.7199999999999998
creation,1.7800000000000002
creative,2.4000000000000004
creek,1.0599999999999996
creep,-1.1800000000000002
creeping,-1.0
creepy,-1.54
cricket,1.1399999999999997
cried,-2.8
cries,-2.08
crime,-2.8
crimes,-2.86
criminal,-3.02
crimson,1.0
crisis,-2.52
critic,-1.6400000000000001
critic's,-1.2599999999999998
critical,-1.7799999999999998
criticism,-1.9
criticized,-1.98
critics,-1.2000000000000002
crooked,-1.2999999999999998
crop,1.1600000000000001
crops,1.08
crowded,-1.29
crown,1.62
crude,-1.4
cruel,-3.16
cruise,1.7000000000000002
crushed,-1.46
cry,-3.16
cryin,-1.81
crying,-2.96
crystal,1.54
cuddle,2.3200000000000003
cultivated,1.46
cultivation,1.4000000000000004
cultural,1.1799999999999997
culture,1.7199999999999998
cultures,1.5099999999999998
cupcake,2.5
cupcakes,2.7
cure,2.1399999999999997
curious,1.3600000000000003
currency,1.6600000000000001
curse,-2.36
cursed,-1.88
curves,1.42
customers,1.0999999999999996
cut,-1.58
cute,2.5199999999999996
cutest,2.62
cutie,2.0999999999999996
cuts,-1.3599999999999999
dad,2.0199999999999996
dad's,2.0
daddy,2.0199999999999996
dads,1.96
dagger,-1.04
damage,-2.42
damaged,-2.52
damages,-2.04
dammit,-1.6400000000000001
damn,-2.02
damned,-1.7400000000000002
dance,2.3600000000000003
danced,2.2199999999999998
dancer,1.8600000000000003
dancers,1.7000000000000002
dances,2.42
dancing,2.08
danger,-2.18
dangerous,-2.56
dark,-1.1800000000000002
darkened,-1.4300000000000002
darker,-1.06
darkest,-1.3599999999999999
darkness,-1.1800000000000002
darling,2.2199999999999998
date,1.3200000000000003
dates,1.42
dating,1.4000000000000004
daughter,2.04
daughters,2.3600000000000003
dawn,1.54
dawning,1.08
day,1.2400000000000002
daylight,1.8399999999999999
dead,-3.0
deadline,-1.3399999999999999
deadly,-2.1
deaf,-2.33
deal,1.3200000000000003
deals,1.5
dear,1.9400000000000004
dearest,2.0999999999999996
dearly,1.54
death,-3.46
deaths,-3.3600000000000003
debt,-2.1
debut,1.1399999999999997
decay,-1.92
deceive,-1.5299999999999998
december,1.3399999999999999
decent,1.2199999999999998
deception,-1.6099999999999999
decline,-1.92
declined,-1.8399999999999999
decreased,-1.42
dedicated,1.8200000000000003
dedication,1.6600000000000001
defeat,-1.7999999999999998
defeated,-2.26
defect,-1.79
defects,-1.9
defendant,-1.1
defensive,-1.0
deficiency,-1.5099999999999998
deficit,-1.92
definite,1.3600000000000003
definitely,1.2000000000000002
degree,1.2599999999999998
delay,-1.62
delayed,-1.7599999999999998
delays,-1.56
delete,-1.3599999999999999
deleted,-1.6400000000000001
delicious,2.92
delight,2.7800000000000002
deliver,1.2400000000000002
delivered,1.42
delivery,1.0199999999999996
demanding,-1.2999999999999998
demands,-1.02
demise,-2.18
democracy,1.3600000000000003
democratic,1.3200000000000003
demon,-2.08
demons,-2.36
denial,-1.44
denied,-2.46
dentist,-1.6400000000000001
deny,-1.56
denying,-1.2599999999999998
deposit,1.3600000000000003
deposits,1.6399999999999997
depressed,-2.82
depressing,-3.1
depression,-3.02
deserve,1.4000000000000004
deserved,1.08
design,1.3200000000000003
designed,1.2999999999999998
designer,1.3200000000000003
designers,1.38
designs,1.2199999999999998
desirable,2.08
desire,1.6799999999999997
desired,1.5999999999999996
desires,1.7300000000000004
despair,-2.18
desperate,-1.88
desperation,-2.3
despise,-1.46
dessert,2.2800000000000002
destination,1.4000000000000004
destiny,1.12
destroy,-2.48
destroyed,-2.96
destruction,-2.74
determination,2.0
determined,1.5
develop,1.2599999999999998
developed,1.3600000000000003
developing,1.0199999999999996
development,1.38
developments,1.2400000000000002
devil,-2.76
devils,-2.16
devoted,2.16
devotion,1.3200000000000003
dew,1.3399999999999999
diagnosis,-1.02
diamond,2.5199999999999996
diamonds,2.6799999999999997
dictionary,1.1600000000000001
didn't,-1.0
didnt,-1.0
die,-3.26
died,-3.44
dies,-2.92
difficult,-1.8199999999999998
difficulties,-1.92
difficulty,-1.62
digital,1.12
dignity,1.92
dim,-1.1
dime,1.2000000000000002
dimes,1.0599999999999996
dine,1.7000000000000002
dining,1.4800000000000004
dinner,2.4000000000000004
diploma,1.5599999999999996
dire,-1.4500000000000002
dirt,-1.2999999999999998
dirty,-1.7999999999999998
disabled,-2.18
disagree,-1.3199999999999998
disappear,-1.35
disappeared,-1.56
disappointed,-2.74
disaster,-3.04
disco,1.2800000000000002
discontinued,-1.62
discount,2.2
discover,1.8399999999999999
discovered,2.0
discovery,1.54
discrimination,-2.18
disease,-3.0
diseases,-3.12
disgrace,-2.28
disgusting,-2.42
dish,1.12
dislike,-2.12
dismissed,-1.8599999999999999
disney,1.62
disorder,-1.8599999999999999
disorders,-1.8399999999999999
dispute,-1.46
disrespect,-2.1
diss,-1.5699999999999998
distinct,1.0599999999999996
distinction,1.38
distinctive,1.2400000000000002
distinguished,1.3600000000000003
distress,-2.3
disturbed,-1.5899999999999999
dividends,1.1399999999999997
divine,2.26
divorce,-2.82
dizzy,-1.06
documentary,1.4000000000000004
doesn't,-1.38
doesnt,-1.1
dog,1.7000000000000002
doggy,1.71
dogs,1.7800000000000002
doll,1.0199999999999996
dollar,2.0199999999999996
dollars,2.3
don't,-1.2999999999999998
donate,1.7400000000000002
donated,1.88
donations,1.5599999999999996
done,1.54
dont,-1.2999999999999998
doom,-1.88
dope,-1.5
doubt,-1.8399999999999999
doubts,-1.7000000000000002
dough,1.2000000000000002
dove,2.04
down,-1.3399999999999999
download,1.0199999999999996
downloaded,1.2999999999999998
downloading,1.2199999999999998
downloads,1.1600000000000001
downs,-1.0
draw,1.4400000000000004
drawing,1.58
drawings,1.4000000000000004
draws,1.1799999999999997
dread,-1.7999999999999998
dream,2.0999999999999996
dreamed,1.87
dreamer,1.7999999999999998
dreaming,2.26
dreams,2.4400000000000004
dress,1.5999999999999996
dressed,1.3600000000000003
dresses,1.62
drink,1.3600000000000003
drinking,1.1399999999999997
drinks,1.7400000000000002
drive,1.08
driving,1.1799999999999997
dropped,-1.12
drown,-2.1
drowned,-2.84
drowning,-2.56
drug,-1.7999999999999998
drugs,-2.34
drums,1.4699999999999998
drunk,-1.12
drunken,-1.4700000000000002
duck,1.1799999999999997
dull,-1.7599999999999998
dumb,-1.94
dump,-2.16
dust,-1.4
dusty,-1.08
dvd,1.6600000000000001
dvds,1.2400000000000002
dying,-2.9
dynamic,1.9000000000000004
dynamics,1.1900000000000004
e-mail,1.5599999999999996
eager,1.54
eagle,1.1799999999999997
eagles,1.1600000000000001
earn,2.5
earned,2.08
earning,1.9400000000000004
earnings,2.5199999999999996
earns,1.9400000000000004
earrings,1.2999999999999998
earth,1.4400000000000004
earthquake,-3.1
ease,1.5199999999999996
easier,2.5599999999999996
easily,2.0199999999999996
easter,1.88
easy,1.7599999999999998
eat,2.04
eat-in,1.12
eaten,1.5
eating,2.3
eats,1.4400000000000004
ecstasy,2.2
eden,1.5099999999999998
edison,1.2400000000000002
educated,2.29
education,1.88
educational,1.4000000000000004
effective,1.7599999999999998
effectively,1.4400000000000004
effectiveness,1.7800000000000002
efficiency,1.5899999999999999
efficient,1.7999999999999998
eggs,1.0199999999999996
egypt,1.2599999999999998
eighteen,1.2400000000000002
eighteenth,1.0
elder,1.4900000000000002
elected,1.0999999999999996
electricity,1.0999999999999996
electronic,1.4000000000000004
electronics,1.4800000000000004
elegant,1.96
elevated,1.7999999999999998
eligible,1.6600000000000001
eliminate,-1.1800000000000002
eliminated,-1.62
elizabeth,1.1399999999999997
elvis,1.08
email,1.88
emails,1.54
embrace,1.2199999999999998
emergency,-1.94
emerging,1.2800000000000002
emotions,1.1799999999999997
employ,1.3399999999999999
employed,2.2800000000000002
employment,1.3600000000000003
emptiness,-1.65
empty,-1.44
enable,1.1600000000000001
enabled,1.3899999999999997
encore,1.5599999999999996
encourage,1.9000000000000004
encouraged,1.9800000000000004
encouraging,2.2199999999999998
ended,-1.1600000000000001
ends,-1.2200000000000002
enemies,-2.56
enemy,-2.36
energy,2.2199999999999998
engage,1.2000000000000002
engaged,1.1600000000000001
engineer,1.2999999999999998
engineers,1.0199999999999996
england,1.2800000000000002
english,1.58
enjoy,2.66
enjoyed,3.0199999999999996
enjoying,2.84
ensure,1.12
enterprise,1.2400000000000002
enters,1.0999999999999996
entertaining,2.62
entertainment,2.76
enthusiasm,2.46
environment,1.2199999999999998
environmental,1.42
envy,-1.67
epic,1.2999999999999998
equal,1.0599999999999996
equality,2.08
equally,1.4000000000000004
equilibrium,1.33
erased,-1.1800000000000002
erected,1.2000000000000002
erroneous,-1.58
erroneously,-1.06
error,-2.4
errors,-2.14
especially,1.1600000000000001
essence,1.0999999999999996
essential,1.0199999999999996
established,1.1799999999999997
estate,1.2000000000000002
esteemed,1.7800000000000002
eternal,2.2
eternally,1.96
eternity,1.9000000000000004
ethical,1.2000000000000002
ethics,1.5199999999999996
europe,1.4000000000000004
evening,1.42
event,1.12
events,1.2599999999999998
everlasting,2.0599999999999996
everybody,1.2000000000000002
everyone,1.12
evil,-3.1
evolution,1.2199999999999998
exact,1.04
exactly,1.0
exams,-1.2200000000000002
excellent,3.1799999999999997
excited,2.62
excitement,2.62
exciting,2.58
excluded,-1.42
exclusive,1.4800000000000004
exclusively,1.12
excuses,-1.1600000000000001
executed,-1.06
execution,-1.9
exercise,1.2999999999999998
exercised,1.3899999999999997
exercises,1.54
exhausted,-1.8599999999999999
exhibition,1.58
existed,1.3499999999999996
exists,1.3399999999999999
expand,1.04
expansion,1.2999999999999998
expecting,1.58
expedition,1.3399999999999999
expense,-1.04
expenses,-1.6800000000000002
expensive,-1.46
experience,1.3399999999999999
experienced,1.8200000000000003
experiences,1.3200000000000003
experiments,1.1799999999999997
expert,1.6399999999999997
experts,1.2800000000000002
explore,1.37
explosion,-2.06
express,1.04
expression,1.1799999999999997
expressions,1.5999999999999996
extend,1.0
extending,1.0999999999999996
extra,1.5199999999999996
extraordinary,2.5
eye,1.1399999999999997
eyes,1.2400000000000002
fab,1.0999999999999996
fabulous,2.38
face,1.12
facebook,1.08
faces,1.2000000000000002
facts,1.0599999999999996
fades,-1.19
faggot,-1.8199999999999998
fail,-3.04
failed,-3.16
failing,-2.48
fails,-2.94
failure,-2.94
fair,1.96
fairly,1.2800000000000002
fairy,2.0199999999999996
faith,2.08
faithful,2.51
fake,-2.1
fallen,-1.48
falling,-1.7200000000000002
falls,-1.4
false,-1.8199999999999998
fame,1.5
familiar,1.4400000000000004
families,2.54
family,2.7199999999999998
family's,1.4800000000000004
famous,1.6799999999999997
fan,1.6600000000000001
fancy,1.96
fans,2.0199999999999996
fantasies,2.3600000000000003
fantastic,2.7800000000000002
fantasy,2.4400000000000004
farewell,-1.1400000000000001
farm,1.2199999999999998
farmer,1.88
farmers,1.3399999999999999
farming,1.42
farms,1.3600000000000003
fashion,1.3600000000000003
fast,1.4400000000000004
faster,1.38
fat,-1.7599999999999998
fatal,-3.2
father,2.0599999999999996
father's,1.7400000000000002
fathers,1.8200000000000003
fault,-1.56
fave,1.04
favor,1.0
favorable,2.3600000000000003
favored,1.92
favorite,2.04
favorited,1.5999999999999996
favour,1.92
favourite,2.16
fear,-2.68
feared,-1.8599999999999999
fears,-2.32
feast,2.49
feather,1.5199999999999996
fee,-1.54
feed,1.42
feeding,1.2999999999999998
feeds,1.2000000000000002
fees,-1.3199999999999998
feliz,1.04
fell,-1.7799999999999998
female,1.88
females,1.5999999999999996
fest,1.42
festival,2.7
fever,-2.22
fewer,-1.2799999999999998
fiction,1.1600000000000001
fiend,-1.98
fiends,-1.12
fiesta,2.1799999999999997
fight,-2.3
fighting,-2.24
fights,-2.0
film,1.5599999999999996
films,2.2199999999999998
filthy,-2.18
finale,1.0
find,1.0
fine,1.7400000000000002
finest,2.66
finish,1.7199999999999998
finished,1.7800000000000002
finishing,1.2199999999999998
fire,-1.2000000000000002
fired,-2.7
firefighters,1.6600000000000001
firefox,1.3399999999999999
fireplace,1.0
fireworks,2.1399999999999997
first,1.8200000000000003
fish,1.58
fishing,1.1799999999999997
fist,-1.2000000000000002
fists,-1.04
fit,1.2199999999999998
fitness,1.92
fix,1.2800000000000002
fixed,1.0199999999999996
fixing,1.0
flag,1.2599999999999998
flavor,1.88
fled,-1.02
flee,-1.46
flies,-1.4
flight,1.0599999999999996
float,1.0199999999999996
floating,1.4000000000000004
flood,-2.58
florida,1.7000000000000002
flower,2.88
flowers,2.5599999999999996
flowing,1.2999999999999998
flu,-2.6
fluid,1.0599999999999996
fly,1.3200000000000003
flying,1.2400000000000002
focus,1.12
focused,1.7400000000000002
foe,-1.5
foes,-1.5699999999999998
folks,1.04
food,2.4400000000000004
foods,2.26
fool,-1.7000000000000002
fooled,-1.37
foolish,-1.2999999999999998
fools,-1.7200000000000002
football,1.3399999999999999
forbidden,-1.6400000000000001
force,-1.0
forced,-1.8399999999999999
forest,1.6799999999999997
forests,2.45
forever,1.46
forget,-1.7799999999999998
forgetting,-1.1800000000000002
forgive,1.4400000000000004
forgiven,1.7999999999999998
forgiveness,1.8399999999999999
forgot,-1.56
forgotten,-1.8199999999999998
forsaken,-1.46
forthcoming,1.0999999999999996
fortune,2.3
forward,1.0999999999999996
fought,-1.9
foul,-2.06
found,1.54
foundations,1.2199999999999998
founded,1.2800000000000002
fountain,1.6799999999999997
foxy,1.3200000000000003
fragile,-1.17
france,1.3200000000000003
fraud,-2.7
free,2.96
freedom,2.9000000000000004
freelance,1.08
freely,2.0999999999999996
freezing,-1.7799999999999998
fresh,2.26
fri,1.1799999999999997
friday,1.88
fridays,2.0999999999999996
fridge,1.0199999999999996
friend,2.66
friend's,2.3600000000000003
friendly,2.66
friends,2.92
friendship,2.96
fries,1.5199999999999996
fright,-1.5499999999999998
frightened,-1.7999999999999998
frown,-1.7599999999999998
fruit,2.12
fruits,2.3099999999999996
frustrated,-2.1
frustration,-2.66
fucked,-1.44
fucker,-1.67
fuckin,-1.1400000000000001
fulfill,1.9000000000000004
full,1.2199999999999998
fully,1.1799999999999997
fun,2.96
functional,1.38
functioning,1.46
fund,1.04
fund-raising,1.0199999999999996
funds,1.12
funeral,-2.9
funniest,2.76
funny,2.92
furnished,1.5999999999999996
furniture,1.04
fury,-1.7000000000000002
future,1.7599999999999998
futures,1.4000000000000004
gain,1.4000000000000004
gained,1.4400000000000004
gains,1.8200000000000003
gallery,1.7199999999999998
game,1.92
games,2.3200000000000003
gaming,1.42
gang,-1.1800000000000002
gangsta,-1.58
gangstas,-1.77
gangster,-1.8599999999999999
garbage,-1.8199999999999998
garden,2.2199999999999998
gardening,1.9400000000000004
gardens,2.24
garlic,1.12
gathering,1.4800000000000004
gave,1.2599999999999998
gaze,1.0599999999999996
generate,1.1399999999999997
generations,1.4000000000000004
generosity,2.3600000000000003
generous,2.3
genius,2.5999999999999996
gentle,2.24
gentleman,1.96
gentlemen,2.0
gently,2.29
genuine,2.1799999999999997
geographical,1.04
ghetto,-1.56
ghost,-1.3599999999999999
ghosts,-1.1600000000000001
gift,2.7199999999999998
gifts,2.5599999999999996
girl,2.0
girlfriend,2.04
girls,1.9400000000000004
give,1.54
giveaway,1.38
gives,1.5
giving,1.9800000000000004
glad,2.4800000000000004
gladly,2.26
glance,1.0
glee,1.7800000000000002
global,1.0
globe,1.2800000000000002
gloom,-1.44
glorious,2.74
glory,2.5
glow,2.2800000000000002
glowing,2.0999999999999996
gmail,1.4000000000000004
goal,2.0199999999999996
goals,1.9800000000000004
god,2.2800000000000002
goddamn,-1.12
gods,1.2599999999999998
gold,2.5599999999999996
golden,2.3
gone,-1.58
good,2.2
goodbye,-1.2999999999999998
goodman,1.0599999999999996
goodmorning,1.6799999999999997
goodness,2.58
goodnight,1.58
goods,1.46
google,2.2
gorgeous,2.42
gossip,-1.42
gr8,1.2599999999999998
grace,1.8600000000000003
grad,1.2400000000000002
graduate,2.08
graduated,2.2199999999999998
grammy,1.2400000000000002
grand,2.0599999999999996
grandchildren,2.42
granddaughter,2.16
grandfather,2.38
grandma,2.4800000000000004
grandmother,2.6399999999999997
grandson,2.3200000000000003
grandsons,1.7000000000000002
grant,1.3399999999999999
granted,1.1399999999999997
grants,1.7000000000000002
graphics,1.4400000000000004
grass,1.46
grateful,2.3600000000000003
grave,-2.44
graves,-1.92
graveside,-2.62
gravy,1.3600000000000003
great,2.88
great-grandchildren,2.2800000000000002
great-grandfather,1.96
great-grandmother,1.8399999999999999
greater,1.6799999999999997
greatest,2.26
greatly,1.8600000000000003
greed,-1.94
greedy,-1.96
greek,1.08
greeks,1.3899999999999997
green,1.7800000000000002
greet,1.6600000000000001
grief,-2.67
grill,1.2400000000000002
grin,1.6900000000000004
gripe,-1.1600000000000001
grocery,1.1600000000000001
groove,1.04
groovy,1.54
gross,-1.2799999999999998
grow,1.6799999999999997
growing,1.5199999999999996
grown,1.08
grows,1.4900000000000002
growth,1.5999999999999996
guarantee,1.8600000000000003
guaranteed,1.7800000000000002
guest,1.5199999999999996
guests,1.1399999999999997
guidance,1.5599999999999996
guide,1.0999999999999996
guiding,1.3600000000000003
guilt,-2.42
guilty,-2.36
guitar,2.2199999999999998
guitars,1.7400000000000002
gun,-2.18
guns,-2.02
gutter,-1.2400000000000002
guys,1.2199999999999998
ha,1.0
haha,2.6399999999999997
hahah,2.3
hahaha,2.9400000000000004
hahahah,2.24
hahahaha,2.8600000000000003
hahahahaha,2.7
hair,1.04
haircut,1.2000000000000002
hallelujah,1.71
halloween,1.2400000000000002
halo,1.2000000000000002
hands,1.0
handsome,2.54
handy,1.3200000000000003
hang,-1.1400000000000001
hanging,-1.1800000000000002
hangover,-2.08
hangs,-1.2400000000000002
happiness,3.4399999999999995
happy,3.3000000000000007
harbor,1.0599999999999996
hardest,-1.1800000000000002
hardly,-1.02
harm,-2.46
harmony,2.0
hate,-2.66
hated,-2.86
hater,-2.16
haters,-2.52
hates,-2.94
hatin,-1.1600000000000001
hating,-2.56
hatred,-2.78
hats,1.4100000000000001
haunt,-1.38
haunted,-1.46
haunting,-1.62
haven,1.54
haven't,-1.1800000000000002
havoc,-1.96
hawaii,2.0199999999999996
headache,-3.02
headphones,1.2999999999999998
heal,1.8200000000000003
healing,1.92
health,2.2199999999999998
healthy,3.0199999999999996
heart,2.2199999999999998
heartache,-2.72
heartaches,-2.37
heartbeat,1.7800000000000002
heartbreak,-2.89
heartbreaker,-2.28
hearted,1.4100000000000001
heartfelt,1.62
hearts,2.26
heating,1.0
heaven,2.8600000000000003
heavenly,2.38
heavens,2.51
hehe,1.4800000000000004
hehehe,2.0599999999999996
hell,-2.78
hello,2.0
help,1.08
helped,2.2800000000000002
helpful,2.24
helping,2.1799999999999997
helpless,-1.71
helps,1.5999999999999996
herb,1.4900000000000002
heritage,1.6799999999999997
hero,2.8
heroes,2.16
herself,1.0999999999999996
hey,1.0599999999999996
hi,1.7400000000000002
high,1.6399999999999997
higher,1.46
highest,1.7999999999999998
highly,1.5999999999999996
hilarious,2.5
hills,1.4000000000000004
hint,1.04
hire,1.5
hired,1.7000000000000002
hiring,1.3399999999999999
historian,1.0599999999999996
hitting,-1.3199999999999998
holiday,2.6799999999999997
holidays,2.96
holland,1.2400000000000002
hollywood,1.3399999999999999
holocaust,-2.78
holy,1.6399999999999997
home,2.1399999999999997
homeless,-2.84
homemade,2.34
homes,1.62
homework,-1.08
honest,2.46
honestly,2.0199999999999996
honesty,2.76
honey,2.4400000000000004
honky,-1.06
honor,2.2199999999999998
honorary,1.2800000000000002
honored,2.1399999999999997
honour,2.7
hooray,2.3
hope,2.38
hoped,1.2800000000000002
hopefully,1.8399999999999999
hopeless,-2.44
hopes,2.0
hoping,2.04
horizon,1.2400000000000002
horrible,-2.76
horror,-1.96
horse,1.7999999999999998
horses,1.8399999999999999
hospital,-1.5
hospitals,-1.46
host,1.0599999999999996
hostile,-1.98
hotel,1.1600000000000001
hotels,1.2599999999999998
house,1.3399999999999999
houses,1.1600000000000001
housing,1.08
hubby,1.1600000000000001
hug,2.58
huge,1.1399999999999997
hugs,2.8
human,1.2599999999999998
humanity,2.0199999999999996
humans,1.7599999999999998
humble,1.4800000000000004
humidity,-1.02
humor,2.7199999999999998
hunger,-1.63
hungry,-1.62
hurricane,-2.46
hurt,-2.82
hurting,-2.64
hurts,-2.86
husband,1.62
hussein,-1.38
hustler,-1.31
icon,1.0599999999999996
idea,2.0599999999999996
ideal,1.9800000000000004
ideals,1.5999999999999996
ideas,2.16
idiot,-1.94
idiots,-1.94
ignorance,-2.02
ignorant,-1.58
ignore,-1.7799999999999998
ignored,-1.6800000000000002
ill,-2.58
illegal,-2.14
illness,-3.0
illustrated,1.3399999999999999
illustration,1.5599999999999996
illustrations,1.4900000000000002
images,1.3399999999999999
imagination,1.96
imagine,2.1799999999999997
imagined,1.3600000000000003
immortal,1.62
importance,1.3200000000000003
important,1.3200000000000003
impose,-1.1
impossible,-2.1
impress,1.58
impressed,2.24
impressive,2.04
improve,1.4400000000000004
improved,1.8600000000000003
improvement,1.8600000000000003
improvements,2.08
improving,1.96
inadequate,-1.94
included,1.1600000000000001
income,2.58
incompletely,-1.38
incorrect,-2.16
incorrectly,-1.8599999999999999
increase,1.5599999999999996
increased,1.38
increases,1.4400000000000004
increasing,1.4000000000000004
increasingly,1.0999999999999996
incredible,2.42
incredibly,1.5199999999999996
indeed,1.0
independence,2.2800000000000002
independent,1.8600000000000003
india,1.42
indian,1.2599999999999998
indians,1.2999999999999998
indicted,-1.4
indictment,-1.9
infant,1.9000000000000004
infants,1.88
infection,-2.16
infections,-2.41
inferior,-1.7999999999999998
infinite,1.4400000000000004
inflation,-2.36
influences,1.0599999999999996
info,1.0999999999999996
information,1.4800000000000004
informed,1.1799999999999997
initiated,1.1799999999999997
initiative,1.5199999999999996
injection,-1.65
injured,-2.78
injuries,-2.32
injury,-2.96
inmates,-1.52
inn,1.0199999999999996
innocence,1.5
innocent,1.3600000000000003
insane,-1.96
insanity,-1.54
insecure,-2.02
insight,1.2400000000000002
inspiration,2.0199999999999996
inspire,2.12
inspired,2.3600000000000003
inspiring,2.34
installed,1.04
instant,1.08
instantly,1.3600000000000003
instrument,1.2199999999999998
instrumental,1.4800000000000004
instruments,1.0599999999999996
integral,1.0
integrated,1.08
integrity,1.7400000000000002
intellectual,1.9800000000000004
intelligence,2.3
intelligent,2.3499999999999996
interaction,1.5099999999999998
interactions,1.1600000000000001
interactive,1.04
interest,1.3600000000000003
interested,1.8399999999999999
interesting,2.5199999999999996
interests,1.42
interment,-1.2000000000000002
international,1.5599999999999996
internet,2.4800000000000004
intimate,1.7599999999999998
introduced,1.2800000000000002
introduction,1.08
invasion,-1.58
invented,1.58
invention,1.6900000000000004
invest,1.62
investing,1.12
investments,1.0999999999999996
invitation,1.9800000000000004
invite,1.6399999999999997
invited,1.54
ipad,1.5
iphone,1.54
ipod,1.5599999999999996
iraq,-1.1
iraqi,-1.04
island,1.7800000000000002
islands,1.58
isnt,-1.02
isolated,-1.54
isolation,-1.8599999999999999
issues,-1.1
italian,1.4800000000000004
italy,1.1799999999999997
itunes,1.0
jacket,1.2000000000000002
jaded,-1.08
jail,-3.24
jam,1.0199999999999996
jamaica,1.3200000000000003
japan,1.0
japanese,1.0199999999999996
jazz,1.42
jealous,-2.32
jealousy,-1.96
jeans,1.3399999999999999
jelly,1.2400000000000002
jenny,1.0
jerk,-1.7599999999999998
jesus,1.5199999999999996
jewelry,1.9000000000000004
jewels,2.46
jingle,1.2400000000000002
jobs,1.3200000000000003
join,1.2199999999999998
joined,1.2999999999999998
joining,1.2000000000000002
joke,2.62
jokes,2.9800000000000004
journey,2.1399999999999997
joy,3.16
juice,2.12
juicy,2.2699999999999996
jukebox,1.7800000000000002
jumping,1.1399999999999997
june,1.3200000000000003
junk,-1.1800000000000002
justice,1.7400000000000002
justification,1.0999999999999996
justified,1.3600000000000003
karaoke,1.0999999999999996
karma,1.2199999999999998
keeping,1.0999999999999996
keyboard,1.12
kick,-1.2799999999999998
kicked,-1.8199999999999998
kicking,-1.3199999999999998
kid,1.8399999999999999
kidding,1.4000000000000004
kids,2.38
kill,-3.44
killa,-1.04
killas,-1.1
killed,-3.44
killer,-2.58
killers,-3.0
killin,-1.6400000000000001
killing,-3.3
killings,-3.2
kills,-3.2199999999999998
kin,1.3200000000000003
kind,2.24
kindle,1.1399999999999997
kindness,2.4000000000000004
king,1.1799999999999997
king's,1.0
kingdom,1.2000000000000002
kiss,2.6399999999999997
kissed,2.84
kisses,2.74
kissing,2.9400000000000004
kitchen,1.04
kitten,2.6399999999999997
kitty,1.62
knight,1.2199999999999998
know,1.0999999999999996
knowing,1.7199999999999998
knowledge,2.24
knows,1.12
lack,-1.8399999999999999
lacking,-1.29
ladies,2.2
lady,1.5999999999999996
lake,1.7400000000000002
lamb,1.38
lame,-1.58
land,1.1799999999999997
landmark,1.0599999999999996
landscape,1.6799999999999997
language,1.58
languages,1.4400000000000004
laptop,2.12
large,1.0599999999999996
largest,1.3399999999999999
last,-1.2599999999999998
late,-1.54
latest,1.0599999999999996
laugh,3.2200000000000006
laughed,3.26
laughing,3.1999999999999993
laughs,3.1799999999999997
laughter,3.5
launch,1.4000000000000004
launched,1.0999999999999996
launches,1.1399999999999997
lawn,1.0
lawsuit,-2.04
lawsuits,-1.96
lawyer,-1.1600000000000001
lazy,-1.7200000000000002
lead,1.2800000000000002
leader,1.38
leadership,1.5
leading,1.6399999999999997
leads,1.0599999999999996
leaf,1.12
leap,1.2599999999999998
learn,1.7000000000000002
learned,1.92
learning,1.92
least,-1.0
leaving,-1.42
legend,1.5
legit,1.08
legitimate,1.2400000000000002
legs,1.0599999999999996
leisure,2.1799999999999997
lemon,1.1600000000000001
lesions,-1.35
liar,-1.8199999999999998
liberation,2.3499999999999996
liberties,1.6799999999999997
liberty,2.24
libraries,2.2
library,1.4800000000000004
lie,-2.4
lied,-2.18
lies,-2.38
life,2.3200000000000003
life's,1.0999999999999996
lifelong,1.7199999999999998
lifetime,1.2599999999999998
lifted,1.2000000000000002
light,1.4000000000000004
lighting,1.0
lights,1.3200000000000003
like,2.2199999999999998
liked,2.16
likely,1.4400000000000004
likes,2.2800000000000002
likewise,1.0
liking,1.8600000000000003
lime,1.5999999999999996
limitations,-1.38
limits,-1.0
linguistic,1.3399999999999999
lion,1.1799999999999997
lips,1.5199999999999996
lipstick,1.2999999999999998
listened,1.2000000000000002
listening,1.2800000000000002
literary,1.46
literature,1.5199999999999996
litigation,-1.56
live,1.8399999999999999
liverpool,1.0599999999999996
lives,1.2199999999999998
livin,1.1500000000000004
living,1.6799999999999997
lmfao,1.0
loans,-1.1800000000000002
locked,-1.2999999999999998
logic,1.2199999999999998
logical,1.3600000000000003
lol,1.8399999999999999
london,1.46
loneliness,-2.34
lonely,-2.14
lonesome,-1.88
loose,-1.04
lord,1.3399999999999999
lose,-2.24
loser,-2.8
losers,-1.7799999999999998
loses,-2.26
losing,-2.38
loss,-2.44
losses,-2.54
lost,-2.24
lots,1.2800000000000002
lottery,1.38
lounge,1.5
love,3.42
loved,2.96
lovely,2.3200000000000003
lover,2.3
lovers,2.54
loves,2.96
lovin,2.1399999999999997
loving,2.96
low,-1.3399999999999999
lowest,-1.7000000000000002
loyal,2.46
loyalty,2.04
luck,2.26
luckily,2.2800000000000002
lucky,2.6799999999999997
lullaby,1.9800000000000004
lunch,2.42
luv,2.2
luxury,2.3
lying,-2.42
lynch,-1.7799999999999998
lyrical,1.1900000000000004
lyrics,1.6799999999999997
ma,1.08
mad,-2.4
madame,1.0999999999999996
madness,-1.4
mafia,-2.19
magazines,1.0599999999999996
magic,1.7999999999999998
magical,2.38
magnetic,1.2599999999999998
mail,1.3600000000000003
maintained,1.3600000000000003
majesty,1.58
make,1.0
making,1.2400000000000002
male,1.0199999999999996
males,1.12
mama,2.24
mamma,2.0599999999999996
mankind,1.7400000000000002
manners,1.7999999999999998
mansion,1.8200000000000003
maps,1.12
mario,1.3600000000000003
market,1.2800000000000002
markets,1.0999999999999996
marriage,1.7000000000000002
married,1.7599999999999998
marry,1.9800000000000004
massage,1.9400000000000004
masters,1.12
mate,1.4800000000000004
mature,1.5
maximum,1.38
me,1.58
meal,2.1799999999999997
mean,-1.3199999999999998
meaning,1.0
meanings,1.2199999999999998
meat,1.2000000000000002
medal,1.7800000000000002
meet,1.38
mega,1.0
melbourne,1.04
mellow,1.1600000000000001
melody,2.3499999999999996
membership,1.0599999999999996
memories,2.08
memory,1.46
mend,1.1399999999999997
mentor,1.7400000000000002
menu,1.2000000000000002
mercedes,1.5099999999999998
mercy,1.6799999999999997
merit,1.7400000000000002
merry,2.5599999999999996
mess,-1.06
message,1.08
messed,-1.1600000000000001
messy,-1.3399999999999999
metals,1.0
metropolitan,1.2999999999999998
miami,1.1799999999999997
midnight,1.1799999999999997
milk,1.2199999999999998
million,2.38
millionaire,2.62
millions,2.26
mind,1.04
minds,1.1600000000000001
mine,1.2999999999999998
mineral,1.1799999999999997
mint,1.46
minus,-1.04
miracle,2.6399999999999997
miracles,2.4400000000000004
mirror,1.2599999999999998
mirrors,1.0999999999999996
miserable,-2.46
misery,-2.32
misidentified,-1.44
miss,-1.3599999999999999
missed,-1.3199999999999998
misses,-1.1
missile,-1.7599999999999998
missiles,-2.18
missin,-1.4700000000000002
missing,-2.02
misspelled,-1.54
misstated,-1.54
mistake,-2.22
mistaken,-1.4
mistakes,-2.08
misunderstood,-1.54
mmmm,1.2599999999999998
mob,-1.44
mobile,1.3600000000000003
models,1.1399999999999997
modern,1.4800000000000004
mold,-1.15
mom,2.6399999999999997
mom's,1.7800000000000002
moments,1.0999999999999996
momma,1.7199999999999998
mommy,2.42
moms,1.88
monetary,1.0199999999999996
money,2.3
monkey,1.2800000000000002
monster,-1.54
monsters,-1.5299999999999998
moon,2.2800000000000002
moonlight,2.5
moral,1.54
more,1.2400000000000002
morning,1.5599999999999996
mornings,1.3200000000000003
mortgage,-1.12
most,1.2199999999999998
mother,2.6799999999999997
mother's,2.66
motherfucker,-2.98
motherfuckers,-2.49
motherfuckin,-2.42
motherfucking,-2.36
mothers,2.3600000000000003
motivation,1.6600000000000001
mountain,1.4000000000000004
mountains,1.96
mourn,-2.28
mourners,-2.18
mourns,-2.14
movie,1.8399999999999999
movies,2.34
mp3,1.3600000000000003
mucho,1.0
muffin,1.7599999999999998
mum,1.7000000000000002
murder,-3.52
murdered,-3.2
muscle,1.0599999999999996
muscles,1.5599999999999996
museum,1.6799999999999997
museums,1.7800000000000002
music,3.0199999999999996
musical,2.2199999999999998
musician,1.9800000000000004
musicians,2.26
muthafucka,-1.6
muthafuckin,-2.0
mutual,1.1399999999999997
my,1.1600000000000001
myself,1.2999999999999998
nap,1.4400000000000004
narrative,1.1600000000000001
nasty,-2.38
nation,1.0599999999999996
nations,1.0
native,1.0199999999999996
natural,1.5599999999999996
naturally,1.7999999999999998
nature,2.24
nearer,1.0999999999999996
nearest,1.0199999999999996
neat,1.7199999999999998
necklace,1.9000000000000004
neediest,-1.1
negative,-2.58
neglect,-2.24
neglected,-2.16
negotiate,1.08
neighbor,1.08
neighborhood,1.38
neighborhoods,1.08
neon,1.2199999999999998
nephew,1.54
nephews,1.46
nervous,-2.06
network,1.0
networking,1.12
never,-1.6600000000000001
new,1.8200000000000003
newest,1.5
newly,1.5
newspaper,1.3200000000000003
newspapers,1.0199999999999996
nice,2.38
niece,1.7199999999999998
nieces,1.6600000000000001
nigga,-1.6800000000000002
niggas,-2.04
niggaz,-2.02
nigger,-2.59
night,1.2199999999999998
nightmare,-2.68
nightmares,-2.44
nights,1.5199999999999996
nike,1.0999999999999996
nixon,-1.08
no,-1.52
noble,2.0
nobody,-1.3599999999999999
noise,-1.2599999999999998
nomination,1.1799999999999997
none,-1.1600000000000001
nooo,-1.12
noose,-1.6800000000000002
not,-1.1400000000000001
nothin,-1.3599999999999999
nothing,-1.1
nothings,-1.2400000000000002
novel,1.6799999999999997
novelist,1.42
novels,1.7999999999999998
november,1.0999999999999996
nuclear,-1.7200000000000002
numbers,1.04
numerous,1.08
nurse,1.2000000000000002
nurses,1.0999999999999996
nursing,1.12
oak,1.1799999999999997
obituary,-2.18
objectives,1.0199999999999996
observation,1.29
observe,1.2699999999999996
obsessed,-1.58
obsession,-1.2599999999999998
obtained,1.3600000000000003
occasion,1.2599999999999998
occasions,1.1799999999999997
ocean,1.96
oceans,2.16
offense,-1.44
offensive,-1.98
offer,1.62
offered,1.1399999999999997
offering,1.3200000000000003
offers,1.4800000000000004
offline,-1.1600000000000001
okay,1.5599999999999996
old,-1.02
olive,1.0
olympic,1.2800000000000002
olympics,2.0199999999999996
omitted,-1.08
online,1.7199999999999998
ooooh,1.2400000000000002
oops,-1.2799999999999998
open,1.0999999999999996
opened,1.0
opening,1.2000000000000002
operation,-1.2799999999999998
opponent,-1.1
opponents,-1.52
opportunities,2.46
opportunity,2.1399999999999997
oppose,-1.1800000000000002
opposed,-1.6800000000000002
opposition,-1.52
optimistic,2.5
options,1.2400000000000002
orange,1.54
orchestra,1.7199999999999998
oregon,1.0
organic,1.3200000000000003
organized,1.62
original,1.3600000000000003
oscar,1.0999999999999996
ouch,-2.1
our,1.08
outcomes,1.12
outdated,-1.3399999999999999
outdoor,1.9400000000000004
outdoors,1.9800000000000004
outlets,1.0599999999999996
outstanding,2.92
oven,1.08
overcome,1.54
overseas,1.0599999999999996
ow,-1.2000000000000002
owe,-1.46
own,1.1600000000000001
owner,1.0999999999999996
ownership,1.38
owns,1.0
oxygen,1.7599999999999998
pacific,1.1600000000000001
package,1.2199999999999998
paid,2.1399999999999997
pain,-2.9
painful,-2.88
paint,1.2999999999999998
painted,1.2999999999999998
painter,1.38
painting,1.7800000000000002
paintings,1.9000000000000004
pakistan,-1.06
pal,2.24
palace,1.6799999999999997
pale,-1.2000000000000002
pancakes,1.96
panic,-2.54
panties,1.42
papa,1.7599999999999998
paperbacks,1.4800000000000004
parade,1.3200000000000003
paradise,2.92
paranoid,-1.5
parent,2.04
parents,2.3600000000000003
paris,1.8600000000000003
park,2.08
parks,2.1399999999999997
participants,1.0
participate,1.4000000000000004
participation,1.2199999999999998
parties,2.42
partner,1.7000000000000002
partners,2.12
partnership,1.42
party,2.58
party's,1.42
passion,2.3
passionate,2.24
pasta,1.8600000000000003
pathetic,-2.24
patience,1.3600000000000003
patiently,1.12
patients,-1.3399999999999999
pays,1.54
peace,2.8600000000000003
peaceful,2.5
peacefully,2.5199999999999996
peanut,1.0599999999999996
pearl,2.0599999999999996
pearls,1.7699999999999996
penalties,-2.34
penalty,-2.16
penny,1.2199999999999998
pension,1.2000000000000002
people,1.1600000000000001
perfect,2.42
perfection,2.2
perfectly,2.2800000000000002
perform,1.4800000000000004
performance,1.7400000000000002
performances,1.62
performed,1.3600000000000003
performers,1.7999999999999998
performing,1.5
perfume,1.62
personal,1.0599999999999996
personality,1.6600000000000001
persons,1.1399999999999997
perspective,1.04
pet,2.08
pets,2.2199999999999998
phd,1.2000000000000002
phenomenon,1.5199999999999996
philosophical,1.1799999999999997
philosophy,1.4400000000000004
phone,1.4400000000000004
phones,1.2000000000000002
phony,-1.6400000000000001
photo,1.88
photograph,1.96
photographer,1.6399999999999997
photographs,1.8600000000000003
photography,1.9800000000000004
photos,1.9400000000000004
photoshop,1.0599999999999996
pianist,1.6799999999999997
piano,1.9400000000000004
picked,1.08
pics,1.4000000000000004
picture,1.6399999999999997
pictures,2.0599999999999996
pie,1.7800000000000002
pies,1.7999999999999998
pillow,1.88
pilot,1.0
pimp,-1.27
pimps,-1.7599999999999998
pink,1.3200000000000003
pioneer,1.2800000000000002
piss,-1.44
pissed,-2.46
pistol,-1.4100000000000001
pity,-1.9
pizza,2.16
places,1.1399999999999997
plan,1.1399999999999997
plane,1.2999999999999998
planet,1.5199999999999996
planning,1.1600000000000001
plans,1.2000000000000002
plant,1.7400000000000002
plants,2.0999999999999996
platinum,1.8600000000000003
play,2.26
played,1.38
playin,1.4000000000000004
playing,2.1399999999999997
playlist,1.1799999999999997
plays,1.7199999999999998
plaza,1.2800000000000002
plead,-1.33
pleaded,-1.1600000000000001
pleasant,2.4800000000000004
please,1.3600000000000003
pleased,2.4000000000000004
pleasure,3.08
plenty,1.9800000000000004
plus,1.7599999999999998
poem,1.5199999999999996
poems,1.4800000000000004
poet,1.5199999999999996
poetic,1.2400000000000002
poetry,1.4000000000000004
poets,1.46
points,1.04
poison,-3.06
polish,1.1600000000000001
politicians,-1.6600000000000001
pollution,-2.84
pony,1.6500000000000004
pool,1.7800000000000002
poop,-1.56
poor,-2.68
poor's,-1.46
popcorn,1.7599999999999998
popular,1.5999999999999996
popularity,1.8399999999999999
porch,1.0199999999999996
portrait,1.42
positive,2.8
possibilities,1.67
possibility,1.4000000000000004
possible,1.2400000000000002
potato,1.54
potatoes,1.4800000000000004
potential,1.6799999999999997
poverty,-3.02
power,1.6799999999999997
powerful,2.08
powers,1.6600000000000001
practical,1.2400000000000002
practically,1.0999999999999996
praise,2.5199999999999996
praised,2.0
pray,1.62
prayed,1.3600000000000003
prayer,1.4800000000000004
prayers,1.92
praying,1.96
precious,2.34
precise,1.0999999999999996
predeceased,-1.2200000000000002
prefer,1.5199999999999996
preference,1.17
preferred,1.58
pregnancy,1.0199999999999996
pregnant,1.2199999999999998
prejudice,-1.92
premier,1.2000000000000002
premiere,1.54
premium,1.1600000000000001
preparation,1.0599999999999996
prepared,1.7400000000000002
presence,1.0199999999999996
present,1.96
presents,2.2
preservation,1.5599999999999996
preserve,1.38
preserved,1.0999999999999996
pressure,-1.3399999999999999
pressures,-1.5099999999999998
pretty,2.3200000000000003
prevail,1.8200000000000003
prevention,1.04
pride,1.54
prime,1.46
prince,1.4400000000000004
princes,1.4400000000000004
princess,2.08
principle,1.0
principles,1.1399999999999997
prison,-2.94
prisoner,-2.14
prisoners,-2.56
privilege,1.6799999999999997
privileges,1.5499999999999998
prize,2.62
prizes,2.2
problem,-2.02
problems,-2.08
proceed,1.6799999999999997
proceeded,1.12
proceeding,1.12
proceeds,1.2400000000000002
produce,1.2599999999999998
produced,1.2999999999999998
produces,1.2199999999999998
production,1.0199999999999996
productive,1.7000000000000002
productivity,2.0199999999999996
profession,1.12
professional,1.4400000000000004
professionals,1.2800000000000002
professor,1.04
profit,2.66
profits,2.4800000000000004
profound,1.1799999999999997
programs,1.0199999999999996
progress,2.26
progressive,1.5599999999999996
prominent,1.2599999999999998
promise,2.1799999999999997
promised,1.6799999999999997
promises,1.2599999999999998
promising,1.6399999999999997
promote,1.92
promoted,2.24
promotion,2.74
properly,1.2199999999999998
proposal,1.5999999999999996
proposals,1.2000000000000002
proposed,1.2400000000000002
prosecution,-2.18
prospect,1.46
prospective,1.04
prospects,1.04
prosperity,2.3
protect,1.7999999999999998
protected,1.5999999999999996
protecting,1.2999999999999998
protection,1.5599999999999996
protein,1.2000000000000002
proteins,1.25
protest,-1.44
protesters,-1.2000000000000002
proud,2.3200000000000003
proved,1.2599999999999998
provide,1.4000000000000004
provided,1.1799999999999997
providence,1.2000000000000002
provides,1.2400000000000002
providing,1.1600000000000001
psycho,-2.5
pub,1.0199999999999996
published,1.3200000000000003
pumpkin,1.4800000000000004
punch,-1.42
punishment,-3.0
punks,-1.02
puppy,2.58
purchase,1.3399999999999999
purchased,1.38
pure,1.88
purely,1.3899999999999997
purple,1.04
purpose,1.04
qualified,1.8099999999999996
qualities,2.08
quality,2.0999999999999996
quantities,1.0599999999999996
queen,1.2400000000000002
queens,1.38
quest,1.2199999999999998
quick,1.0199999999999996
quicker,1.12
quit,-1.1
rabbit,2.0999999999999996
racial,-1.0
racing,1.0599999999999996
racist,-2.92
radiation,-1.5499999999999998
radio,1.58
rage,-2.44
raging,-1.58
rags,-1.12
railway,1.1600000000000001
rain,1.3600000000000003
rainbow,3.0999999999999996
rainbows,3.0600000000000005
raindrops,1.7800000000000002
rains,1.0099999999999998
raise,1.7400000000000002
raised,1.5599999999999996
raises,1.6600000000000001
raising,1.2599999999999998
rape,-3.56
raped,-3.3600000000000003
rare,1.0199999999999996
rat,-1.96
rational,1.3600000000000003
rats,-1.71
rays,1.4900000000000002
reached,1.08
read,1.5199999999999996
reader,1.3200000000000003
readers,1.1600000000000001
readily,1.0999999999999996
reading,1.7800000000000002
ready,1.58
real,1.7800000000000002
realise,1.1799999999999997
reasonable,1.38
reasonably,1.2699999999999996
reasoning,1.2999999999999998
receive,1.5
received,1.3399999999999999
receives,1.13
receiving,1.54
reception,1.46
recession,-2.52
recipe,1.5
recipes,1.8600000000000003
reckless,-1.2599999999999998
recognition,1.54
recognize,1.08
recognized,1.08
recommendations,1.2000000000000002
recommended,1.46
records,1.0199999999999996
recover,1.6399999999999997
recovered,1.6399999999999997
recovering,1.1399999999999997
recovery,1.6399999999999997
reflect,1.2800000000000002
reflection,1.0599999999999996
refugees,-1.94
refuse,-1.54
refused,-1.62
regards,1.2699999999999996
regret,-1.88
regrets,-1.92
reindeer,1.54
rejected,-2.92
rejection,-2.98
relate,1.0199999999999996
relation,1.3600000000000003
relations,1.2999999999999998
relationship,2.04
relationships,1.8600000000000003
relative,1.58
relatives,1.5999999999999996
relax,2.7
relaxed,2.2199999999999998
relaxing,2.5199999999999996
release,1.0999999999999996
released,1.3399999999999999
relevant,1.4900000000000002
reliable,2.0
relief,1.8600000000000003
religion,1.0
reluctant,-1.06
remarkable,2.3
remedy,1.4500000000000002
remember,1.42
remembered,1.3200000000000003
remembering,1.2800000000000002
remorse,-1.7599999999999998
remove,-1.2999999999999998
removed,-1.2799999999999998
rent,-1.1600000000000001
replied,1.04
representation,1.0599999999999996
reputation,1.2800000000000002
rescue,1.62
research,1.46
residence,1.42
resignation,-1.96
resigned,-1.2400000000000002
resolution,1.1799999999999997
resolve,1.3200000000000003
resolved,1.4000000000000004
resort,2.0999999999999996
resource,1.46
resources,1.46
respect,2.34
respected,2.1799999999999997
respective,1.0599999999999996
respectively,1.1399999999999997
respects,2.0199999999999996
rest,2.1799999999999997
restaurant,2.0599999999999996
restaurants,1.62
restless,-1.12
restoration,1.2199999999999998
restore,1.1399999999999997
restored,1.4800000000000004
restricted,-1.4300000000000002
restrictions,-1.6800000000000002
result,1.0
retarded,-2.38
retire,1.0199999999999996
reunion,1.96
revealed,1.3499999999999996
revenge,-1.29
revenue,1.7199999999999998
revenues,1.38
revival,1.4400000000000004
revolutionary,1.2400000000000002
reward,2.24
rhyme,1.7599999999999998
rhymes,1.5999999999999996
rhythm,1.6500000000000004
rice,1.4400000000000004
rich,2.9800000000000004
riches,2.3899999999999997
ride,1.1399999999999997
rider,1.08
rides,1.4400000000000004
ridiculous,-1.0
riding,1.1799999999999997
right,1.54
righteous,1.1799999999999997
rights,1.4800000000000004
ring,1.3200000000000003
rings,1.3600000000000003
riot,-2.08
rip,-1.0
rise,1.3600000000000003
rises,1.2400000000000002
rising,1.54
risk,-1.38
risks,-1.2200000000000002
rival,-1.3199999999999998
river,1.6799999999999997
rivers,1.8399999999999999
riverside,1.46
roam,1.0899999999999999
roast,1.5
rob,-1.88
robbed,-2.82
robbery,-2.92
robot,1.12
rock,1.1399999999999997
rocked,1.1600000000000001
rocket,1.38
rockin,1.7000000000000002
rocking,1.46
rofl,1.3200000000000003
romance,2.5
romans,1.0999999999999996
romantic,2.7199999999999998
rome,1.9800000000000004
romeo,1.7400000000000002
rose,2.3200000000000003
roses,2.5199999999999996
rot,-1.7599999999999998
rotten,-2.42
rotting,-1.96
rough,-1.46
roughly,-1.0
ruby,1.7800000000000002
rude,-2.38
rudolph,1.3600000000000003
ruin,-2.32
ruined,-2.46
ruins,-1.02
rum,1.29
runaway,-1.44
rusty,-1.2200000000000002
sad,-2.62
saddam,-2.52
saddened,-2.56
sadly,-2.72
sadness,-3.12
safe,2.04
safely,1.96
safety,1.1799999999999997
sail,1.8399999999999999
sailed,1.5300000000000002
sailing,1.8600000000000003
sailor,1.1900000000000004
sails,1.38
saint,1.3399999999999999
saints,2.0199999999999996
salad,1.6399999999999997
salaries,1.62
salary,2.2199999999999998
sale,1.58
salvation,1.2999999999999998
samsung,1.2400000000000002
sanctions,-1.1400000000000001
sands,1.2000000000000002
sandwich,2.0599999999999996
sang,1.5199999999999996
sanity,1.4900000000000002
santa,1.7999999999999998
satan,-2.44
satisfaction,2.34
satisfactory,1.4400000000000004
satisfied,2.2800000000000002
satisfy,2.34
saturday,2.42
saturdays,2.5199999999999996
sauce,1.04
sausage,1.1600000000000001
savage,-1.69
save,1.54
saved,1.88
saves,1.38
saving,1.96
savings,2.26
savior,1.7599999999999998
saviour,1.5700000000000003
scandal,-1.8199999999999998
scar,-1.7200000000000002
scare,-1.96
scared,-2.42
scarred,-1.73
scars,-1.6800000000000002
scary,-2.42
scent,1.3099999999999996
scholar,1.4800000000000004
scholars,1.54
scholarship,2.04
school,1.2599999999999998
science,1.8600000000000003
sciences,1.2999999999999998
scientific,1.4400000000000004
scientist,1.1799999999999997
scientists,1.3399999999999999
score,1.38
scored,1.46
scoring,1.4400000000000004
scotland,1.6799999999999997
scream,-1.8599999999999999
screamed,-1.73
screamin,-1.7999999999999998
screaming,-2.04
screams,-1.52
screenplay,1.4800000000000004
screwed,-1.7599999999999998
sculpture,1.6600000000000001
sea,1.9400000000000004
seas,1.8600000000000003
seasons,1.7599999999999998
secure,1.92
secured,1.71
security,1.0999999999999996
see,1.0599999999999996
seed,1.1399999999999997
seeds,1.3899999999999997
seeing,1.38
seized,-1.56
selected,1.3200000000000003
self,1.2400000000000002
selfish,-2.4
sensation,1.6799999999999997
sense,1.2999999999999998
senses,1.0999999999999996
sentenced,-1.2999999999999998
sentimental,1.2800000000000002
separated,-1.6
separation,-1.4700000000000002
september,1.3399999999999999
servants,-1.44
service,1.0
servings,1.0599999999999996
seventeen,1.2199999999999998
seventeenth,1.0199999999999996
severe,-1.8399999999999999
sex,2.4400000000000004
sexual,1.2000000000000002
sexy,2.4000000000000004
shade,1.0999999999999996
shakespeare,1.88
shame,-2.32
share,1.7800000000000002
shared,1.7999999999999998
shares,1.6799999999999997
sharing,2.0599999999999996
shatter,-1.58
shattered,-1.4
she,1.1799999999999997
sheep,1.1399999999999997
shells,1.0599999999999996
shelter,1.54
shine,2.1399999999999997
shines,2.5999999999999996
shining,2.04
shiny,1.7400000000000002
shirt,1.2599999999999998
shirts,1.1399999999999997
shit,-2.5
shitty,-2.42
shiver,-1.15
shock,-1.46
shocked,-1.3599999999999999
shoes,1.0599999999999996
shoot,-1.54
shooting,-2.48
shop,1.7599999999999998
shopper,1.4800000000000004
shopping,2.0999999999999996
shops,1.6399999999999997
shore,1.42
shores,1.4000000000000004
shot,-2.5
shotgun,-1.42
shots,-1.6800000000000002
shoulders,1.0999999999999996
shouldn't,-1.1600000000000001
shout,-1.12
shouting,-1.58
shove,-1.2599999999999998
show,1.2400000000000002
shower,1.7199999999999998
showers,1.5599999999999996
shows,1.08
shut,-1.44
sick,-2.98
sickness,-3.16
sight,1.1799999999999997
sights,1.0
significance,1.08
significant,1.8200000000000003
significantly,1.08
signing,1.04
silk,1.88
silver,1.38
simple,1.0199999999999996
simplicity,1.62
simply,1.42
sin,-2.36
sincere,2.0999999999999996
sing,2.4400000000000004
singer,1.8200000000000003
singers,1.5999999999999996
singing,1.96
sings,1.4800000000000004
sink,-1.21
sinking,-1.52
sinner,-1.67
sinners,-1.8199999999999998
sins,-2.12
sirens,-1.42
sis,1.4400000000000004
sister,1.7599999999999998
sisters,1.62
sites,1.0
sixteen,1.3899999999999997
skating,1.6799999999999997
sketch,1.37
skies,2.16
skill,1.5700000000000003
skills,1.38
skirt,1.04
skull,-1.04
sky,2.76
skype,1.2800000000000002
slam,-1.02
slap,-2.52
slapped,-1.8599999999999999
slaughter,-2.59
slave,-2.94
slavery,-2.98
slaves,-2.94
sleep,2.16
sleeping,2.0199999999999996
sleepless,-2.08
sleeps,1.5899999999999999
slept,1.62
slim,1.0599999999999996
slip,-1.1800000000000002
slipped,-1.1400000000000001
slipping,-1.1
slow,-1.2200000000000002
slug,-1.46
slugs,-1.04
slumdog,-1.06
slut,-1.4300000000000002
smart,2.4800000000000004
smashed,-1.58
smile,3.0999999999999996
smiled,3.08
smiles,2.76
smiling,2.58
smoke,-1.8399999999999999
smoking,-1.9
smooth,1.7999999999999998
snack,2.0999999999999996
snake,-1.5
snakes,-1.35
snatch,-1.1600000000000001
snitch,-1.3399999999999999
snow,1.3200000000000003
snowing,1.12
soap,1.0999999999999996
soccer,1.4400000000000004
social,1.2199999999999998
soda,1.2000000000000002
sofa,1.04
soft,1.4800000000000004
softly,1.3899999999999997
software,1.2999999999999998
solar,1.54
solution,1.8399999999999999
solutions,1.6399999999999997
solve,1.58
solving,1.04
son,2.12
song,2.58
songs,1.96
sons,1.7800000000000002
sony,1.1399999999999997
soon,1.3399999999999999
sooner,1.2400000000000002
sophisticated,1.0199999999999996
sore,-2.06
sorely,-1.44
sorrow,-2.88
sorrows,-2.31
sorry,-1.3399999999999999
sos,-1.1800000000000002
soul,1.3399999999999999
soundtrack,1.3399999999999999
soup,1.5199999999999996
south,1.1600000000000001
spa,1.92
spain,1.2000000000000002
spam,-2.3
spark,1.2599999999999998
sparkle,2.08
sparks,1.6399999999999997
special,2.2
specialist,1.08
specialty,1.5999999999999996
speed,1.2400000000000002
spice,1.1799999999999997
spirit,1.5999999999999996
spirits,1.2400000000000002
spiritual,1.7199999999999998
spit,-1.8599999999999999
spite,-1.4700000000000002
splendid,2.8600000000000003
sponsor,1.0
spontaneous,1.54
sport,1.6399999999999997
sports,1.0599999999999996
spotlight,1.3499999999999996
spring,2.16
springfield,1.0999999999999996
springs,1.58
stab,-1.5499999999999998
stability,1.9000000000000004
stable,1.2000000000000002
stain,-1.6099999999999999
stained,-1.08
stains,-1.4500000000000002
star,2.2199999999999998
starbucks,1.4800000000000004
starlight,2.4400000000000004
starring,1.0599999999999996
starry,1.5999999999999996
stars,2.0999999999999996
start,1.0999999999999996
started,1.0
starting,1.5
starving,-2.42
steady,1.1799999999999997
steak,1.62
steal,-2.54
stealing,-2.54
stereo,1.0
stimulation,1.6100000000000003
sting,-1.54
stink,-1.9
stole,-2.4
stolen,-2.5
stomp,-1.2599999999999998
stop,-1.1
stopped,-1.1400000000000001
stores,1.0
stories,1.62
story,1.4800000000000004
straight,1.0599999999999996
strain,-1.27
stranded,-1.27
strapped,-1.06
strategies,1.1399999999999997
strategy,1.2400000000000002
strawberry,2.1399999999999997
stream,1.42
streams,1.3200000000000003
strength,2.4000000000000004
stress,-2.14
stressed,-2.26
strike,-1.04
stroke,-2.42
stroll,1.5999999999999996
strong,2.0599999999999996
stronger,2.12
strongly,1.1399999999999997
struck,-1.5
struggle,-1.6
struggling,-2.28
stuck,-1.3399999999999999
student,1.58
students,1.2800000000000002
studied,1.12
studies,1.4000000000000004
studio,1.3399999999999999
study,1.12
stunning,1.5
stupid,-2.32
style,1.7599999999999998
styles,1.2199999999999998
subjected,-1.1400000000000001
succeed,2.76
succeeded,2.62
succeeding,2.58
success,2.8600000000000003
successful,3.16
successfully,2.62
succession,1.2000000000000002
successive,1.1399999999999997
successor,1.0
suck,-1.8599999999999999
sucka,-1.2599999999999998
sucked,-1.52
sucker,-1.3199999999999998
suckers,-1.7000000000000002
sucks,-1.8599999999999999
suffer,-2.92
suffered,-2.76
suffering,-2.78
sufficient,1.3200000000000003
sufficiently,1.3200000000000003
sugar,1.7400000000000002
suggestions,1.08
suicide,-3.7
suitable,1.5999999999999996
suite,1.2999999999999998
summer,1.4000000000000004
summertime,2.1399999999999997
sun,2.8
sunday,2.2800000000000002
sundays,2.38
sung,1.38
sunlight,2.88
sunny,1.96
sunrise,2.04
sunset,2.16
sunshine,2.9400000000000004
super,2.6799999999999997
superior,1.08
superman,2.12
supermarkets,1.4400000000000004
superstar,1.8600000000000003
supplies,1.04
support,1.4400000000000004
supported,1.5999999999999996
supporter,1.7599999999999998
supporters,1.2000000000000002
supporting,1.4800000000000004
supports,1.2199999999999998
supreme,1.6399999999999997
sure,1.3200000000000003
surely,1.2599999999999998
surf,1.5199999999999996
surgery,-2.34
surplus,1.2999999999999998
surprise,2.42
surprised,1.7199999999999998
surprising,1.7400000000000002
surprisingly,1.8200000000000003
survey,1.1799999999999997
survive,1.0
survived,1.88
surviving,1.0
survivors,1.6600000000000001
suspect,-1.8599999999999999
suspected,-1.48
suspects,-1.4
suspended,-1.92
suspension,-1.8199999999999998
suspicion,-1.48
suspicious,-1.7200000000000002
sweden,1.2800000000000002
sweet,2.6399999999999997
sweeter,2.2199999999999998
sweetest,2.92
sweetheart,2.88
sweetie,2.3
sweetness,2.88
swim,1.8399999999999999
swimming,1.5199999999999996
swine,-1.3599999999999999
swing,1.2999999999999998
swiss,1.1799999999999997
switzerland,1.7599999999999998
swollen,-1.52
sympathetic,1.58
symphony,1.58
symptoms,-1.2400000000000002
syndrome,-1.6400000000000001
t-shirt,1.1799999999999997
taco,1.2000000000000002
tacos,1.5599999999999996
tale,1.2400000000000002
talent,2.0599999999999996
talented,2.0599999999999996
tales,1.5
talk,1.0599999999999996
talking,1.46
taste,1.88
tasted,1.38
tastes,1.38
tasting,1.54
tasty,2.58
tax,-2.14
taxation,-1.4500000000000002
taxes,-2.3
tea,1.6600000000000001
teach,1.5599999999999996
teacher,1.3600000000000003
teachers,1.4400000000000004
teaches,1.7000000000000002
teaching,1.4400000000000004
team,1.2599999999999998
teams,1.0199999999999996
tear,-1.9
teardrops,-1.48
tearing,-1.27
tears,-2.54
tech,1.2199999999999998
technological,1.2800000000000002
technologies,1.3600000000000003
technology,1.7400000000000002
telecommunications,1.0999999999999996
television,1.6600000000000001
temple,1.1399999999999997
tempo,1.08
tender,1.4500000000000002
tenderly,1.7599999999999998
tenderness,2.0599999999999996
tennis,1.4000000000000004
tension,-2.06
tensions,-2.34
terminal,-1.02
terrible,-2.16
terrific,1.96
terror,-3.24
terrorism,-3.52
terrorist,-3.7
thai,1.2199999999999998
thank,2.4000000000000004
thankful,2.4400000000000004
thanks,2.4000000000000004
thanksgiving,2.4000000000000004
thanx,1.6799999999999997
theater,1.96
theaters,1.6399999999999997
theatre,1.6799999999999997
theft,-2.7
theme,1.12
themes,1.2800000000000002
theories,1.0599999999999996
therapeutic,1.5999999999999996
thief,-2.06
thieves,-2.71
think,1.2000000000000002
thinking,1.2800000000000002
thinks,1.38
thirst,-1.1800000000000002
thirsty,-1.21
thorn,-1.54
thorns,-1.21
thought,1.38
thoughts,1.2199999999999998
thousands,1.1399999999999997
threat,-2.64
threatened,-2.38
threats,-2.12
thrill,2.08
thrills,1.9800000000000004
throne,1.08
thug,-2.06
thugs,-2.39
tickets,1.3399999999999999
tiger,1.1799999999999997
tip,1.2400000000000002
tips,1.2800000000000002
tired,-1.6600000000000001
toast,1.8600000000000003
tobacco,-1.52
today,1.2199999999999998
today's,1.0
together,1.7999999999999998
tomb,-1.48
tomorrow,1.1799999999999997
tomorrow's,1.0999999999999996
tonight,1.1399999999999997
top,1.7599999999999998
tops,1.04
tore,-1.38
torn,-1.63
tornado,-1.6400000000000001
torture,-3.42
tortured,-3.1799999999999997
totally,1.0199999999999996
touch,1.4000000000000004
touched,1.4000000000000004
touches,1.38
touching,1.6100000000000003
tough,-1.04
tour,1.6600000000000001
tourist,1.1799999999999997
tourists,1.08
tournament,1.1799999999999997
tours,1.6799999999999997
toward,1.12
towns,1.0599999999999996
toy,1.8399999999999999
toys,2.0999999999999996
trade,1.1799999999999997
trading,1.2000000000000002
tradition,1.4000000000000004
traditional,1.12
traditions,1.58
traffic,-1.6600000000000001
tragedy,-2.94
tragic,-2.66
trail,1.1399999999999997
trains,1.1799999999999997
transformation,1.2199999999999998
transformed,1.1799999999999997
transport,1.04
transportation,1.1600000000000001
trap,-1.56
trapped,-1.92
trash,-2.32
travel,2.1799999999999997
traveled,1.42
traveler,1.5599999999999996
travelers,1.2599999999999998
traveling,1.7800000000000002
treasure,2.4000000000000004
treasurer,1.12
treat,1.7400000000000002
treats,1.7000000000000002
treaty,1.2199999999999998
tree,2.12
trees,1.9800000000000004
tremble,-1.1400000000000001
trembling,-1.98
tremendous,1.7199999999999998
trial,-1.04
tribute,1.2199999999999998
trinity,1.0999999999999996
trip,2.0
trips,1.9800000000000004
triumph,2.46
trouble,-2.22
troubled,-2.22
troubles,-1.58
true,2.08
truly,1.8600000000000003
trust,2.2199999999999998
trusted,1.9400000000000004
truth,2.42
try,1.0199999999999996
tsunami,-2.82
tumor,-2.47
tumors,-3.02
tune,1.1799999999999997
tuned,1.0
tunes,1.6399999999999997
turkey,1.1600000000000001
turmoil,-1.94
tv,1.7000000000000002
twin,1.1399999999999997
twins,1.4000000000000004
twit,-1.0
ugh,-1.48
ughh,-1.08
ugly,-2.26
ultimate,1.54
unable,-1.9
uncertain,-1.12
uncertainty,-1.3599999999999999
uncle,1.7999999999999998
unclear,-1.04
unconscious,-1.6099999999999999
understand,1.5599999999999996
understanding,1.8399999999999999
understands,1.8600000000000003
understood,1.58
unemployment,-2.88
unfair,-1.6600000000000001
unfortunate,-2.06
unfortunately,-2.24
unhappy,-2.88
unholy,-2.27
union,1.04
unique,1.9800000000000004
unite,1.6399999999999997
united,2.3200000000000003
unity,1.92
universal,1.3200000000000003
universe,1.8399999999999999
universities,1.5599999999999996
university,1.7400000000000002
university's,1.12
unkind,-2.16
unlikely,-1.52
unlimited,1.5999999999999996
unlocked,1.3200000000000003
unnecessary,-1.2200000000000002
untrue,-1.4900000000000002
unwind,1.0199999999999996
up,1.1399999999999997
upcoming,1.2599999999999998
updated,1.0599999999999996
updates,1.1399999999999997
updating,1.2400000000000002
upgrade,1.58
ups,1.08
upset,-2.44
upside,1.21
uptown,1.2699999999999996
upward,1.2000000000000002
urine,-1.5299999999999998
us,1.2599999999999998
usa,1.58
useful,2.0999999999999996
useless,-2.48
v-day,1.12
vacation,2.92
vagina,1.1399999999999997
vain,-1.1800000000000002
valentine,2.4000000000000004
valentine's,2.3600000000000003
valentines,2.3
valid,1.71
validity,1.08
valley,1.2599999999999998
valuable,2.12
value,1.3600000000000003
valued,1.88
values,1.7199999999999998
vanilla,1.96
varieties,1.62
variety,1.7800000000000002
vegas,1.3600000000000003
vehicle,1.08
vehicles,1.2800000000000002
velocity,1.08
velvet,1.5099999999999998
vengeance,-1.7599999999999998
venus,1.1799999999999997
very,1.12
vibe,1.0199999999999996
vicious,-2.0
victim,-2.62
victims,-2.68
victor,1.1799999999999997
victories,2.58
victory,2.9800000000000004
video,1.4800000000000004
videos,1.5199999999999996
village,1.2800000000000002
villages,1.7199999999999998
vintage,1.2599999999999998
violated,-2.38
violation,-2.26
violations,-2.14
violence,-3.1399999999999997
violent,-2.94
vip,1.2400000000000002
virgin,1.0
virginia,1.2800000000000002
virtue,1.4699999999999998
virtues,1.6900000000000004
virus,-2.92
visible,1.04
vision,1.62
visions,1.7800000000000002
visit,1.54
visited,1.2999999999999998
visiting,1.5999999999999996
visitors,1.3200000000000003
visits,1.4000000000000004
vista,1.0
vitamin,1.88
vocal,1.04
vocals,1.5899999999999999
void,-1.2400000000000002
volumes,1.3099999999999996
voluntary,1.37
volunteer,1.3600000000000003
volunteers,1.6399999999999997
voodoo,-1.1400000000000001
voted,1.12
votes,1.08
voting,1.0199999999999996
voyage,1.9000000000000004
vulnerable,-1.6600000000000001
wage,1.4400000000000004
wages,1.4000000000000004
wait,-1.2599999999999998
waiting,-1.3199999999999998
walk,1.0199999999999996
walked,1.0
walking,1.1799999999999997
war,-3.2
warm,1.7199999999999998
warmth,2.24
warned,-1.48
warning,-1.6600000000000001
wars,-3.1
washington,1.04
wasnt,-1.2999999999999998
waste,-2.3
wasted,-2.22
wasting,-1.7799999999999998
water,1.7000000000000002
waters,1.3200000000000003
wave,1.3399999999999999
waves,1.4000000000000004
waving,1.1100000000000003
we,1.38
weak,-2.16
weakness,-2.06
wealth,2.38
wealthy,2.1399999999999997
weapon,-1.6400000000000001
weapons,-2.6
website,1.2800000000000002
websites,1.2400000000000002
wed,1.1600000000000001
wedding,2.34
weddings,2.0599999999999996
weekend,3.0
weekends,2.7
weep,-2.78
weeping,-1.98
welcome,2.16
well,1.6799999999999997
western,1.0999999999999996
whack,-1.6800000000000002
whale,1.4400000000000004
wheat,1.3099999999999996
wheels,1.1600000000000001
whip,-1.7000000000000002
whistle,1.3099999999999996
white,1.2800000000000002
whore,-1.8599999999999999
whores,-1.6
wicked,-1.62
widow,-2.14
wife,1.62
wifi,1.3600000000000003
wii,1.12
wildlife,1.9800000000000004
will,1.0199999999999996
willing,1.4000000000000004
win,3.119999999999999
window,1.0999999999999996
windows,1.0199999999999996
wine,1.42
wines,1.2800000000000002
wings,1.5199999999999996
wink,1.4400000000000004
winner,2.7800000000000002
winners,2.62
winning,3.039999999999999
wins,2.4400000000000004
wireless,1.1799999999999997
wisdom,2.0199999999999996
wise,2.0999999999999996
wish,1.92
wished,1.7300000000000004
wishes,2.2
wishing,1.7400000000000002
wit,1.4400000000000004
witch,-1.2000000000000002
withdrawal,-1.2799999999999998
without,-1.46
woe,-1.8199999999999998
woman,1.8399999999999999
woman's,2.12
women,2.12
women's,1.3200000000000003
won,3.0999999999999996
won't,-1.2999999999999998
wonder,2.08
wondered,1.42
wonderful,2.76
wondering,1.0199999999999996
wonderland,2.3499999999999996
wonders,1.7800000000000002
wood,1.0599999999999996
woods,1.1600000000000001
woof,1.0999999999999996
woohoo,1.8399999999999999
words,1.04
world,1.5199999999999996
worlds,1.2400000000000002
worldwide,1.5599999999999996
worried,-2.58
worries,-2.4
worry,-2.18
worse,-2.3
worship,1.3200000000000003
worst,-2.9
worth,1.7800000000000002
worthless,-2.02
worthy,1.9000000000000004
wouldn't,-1.2200000000000002
wouldnt,-1.1400000000000001
wound,-2.04
wounded,-2.58
wounds,-2.2
wow,2.46
wrath,-1.3199999999999998
wreck,-1.54
writers,1.3200000000000003
writes,1.0199999999999996
writing,1.2400000000000002
writings,1.12
wrong,-1.8599999999999999
www,1.1799999999999997
x-mas,2.4800000000000004
xbox,1.2400000000000002
xmas,2.24
xoxo,1.0199999999999996
xp,1.04
yacht,1.1600000000000001
yahoo,1.1399999999999997
yay,1.0999999999999996
yea,1.1799999999999997
yell,-1.2400000000000002
yelling,-1.92
yes,1.7400000000000002
yields,1.2000000000000002
yoga,2.04
you,1.2400000000000002
young,1.8200000000000003
younger,1.4000000000000004
yours,1.2400000000000002
yourself,1.2400000000000002
youth,1.62
youtube,1.92
yuck,-1.8399999999999999
yum,2.0999999999999996
yummy,2.2199999999999998
zero,-1.56
zit,-1.5899999999999999
zombie,-1.52
zombies,-1.0
zoo,1.62
